{
	"info": {
		"_postman_id": "bc4544fb-821d-4929-b09b-3cd607f2084c",
		"name": "HTTP-Methods",
		"schema": "https://schema.getpostman.com/json/collection/v2.1.0/collection.json",
		"_exporter_id": "31715041"
	},
	"item": [
		{
			"name": "GetMethod-Demo",
			"request": {
				"method": "GET",
				"header": [
					{
						"key": "x-api-key",
						"value": "{{xapikey}}",
						"type": "text"
					}
				],
				"url": {
					"raw": "https://api.postman.com/workspaces",
					"protocol": "https",
					"host": [
						"api",
						"postman",
						"com"
					],
					"path": [
						"workspaces"
					]
				}
			},
			"response": []
		},
		{
			"name": "PostMethod-Demo",
			"request": {
				"method": "POST",
				"header": [
					{
						"key": "x-api-key",
						"value": "{{xapikey}}",
						"type": "text"
					}
				],
				"body": {
					"mode": "raw",
					"raw": "{\r\n    \"workspace\": {\r\n        \"name\": \"Workspace-{{$randomAlphaNumeric}}\",\r\n        \"type\": \"team\",\r\n        \"visibility\": \"team\",\r\n        \"description\": \"This workspace created from postman\"\r\n    }\r\n}",
					"options": {
						"raw": {
							"language": "json"
						}
					}
				},
				"url": {
					"raw": "https://api.postman.com/workspaces",
					"protocol": "https",
					"host": [
						"api",
						"postman",
						"com"
					],
					"path": [
						"workspaces"
					]
				}
			},
			"response": []
		},
		{
			"name": "PutMethod-Demo",
			"request": {
				"method": "PUT",
				"header": [
					{
						"key": "x-api-key",
						"value": "{{xapikey}}",
						"type": "text"
					}
				],
				"body": {
					"mode": "raw",
					"raw": "{\r\n    \"workspace\": {\r\n        \"id\": \"865c93ca-bb60-4c24-9370-47c52a5489a2\",\r\n        \"name\": \"Workspace-3-New1\",\r\n        \"type\": \"team\",\r\n        \"description\": \"This workspace created from postman\"\r\n    }\r\n}",
					"options": {
						"raw": {
							"language": "json"
						}
					}
				},
				"url": {
					"raw": "https://api.postman.com/workspaces/865c93ca-bb60-4c24-9370-47c52a5489a2",
					"protocol": "https",
					"host": [
						"api",
						"postman",
						"com"
					],
					"path": [
						"workspaces",
						"865c93ca-bb60-4c24-9370-47c52a5489a2"
					]
				}
			},
			"response": []
		},
		{
			"name": "OptionsMethod-Demo",
			"request": {
				"method": "OPTIONS",
				"header": [
					{
						"key": "x-api-key",
						"value": "{{xapikey}}",
						"type": "text"
					}
				],
				"url": {
					"raw": "https://api.postman.com/workspaces",
					"protocol": "https",
					"host": [
						"api",
						"postman",
						"com"
					],
					"path": [
						"workspaces"
					]
				}
			},
			"response": []
		},
		{
			"name": "HeadMethod-Demo",
			"request": {
				"method": "HEAD",
				"header": [
					{
						"key": "x-api-key",
						"value": "{{xapikey}}",
						"type": "text"
					}
				],
				"url": {
					"raw": "https://api.postman.com/workspaces",
					"protocol": "https",
					"host": [
						"api",
						"postman",
						"com"
					],
					"path": [
						"workspaces"
					]
				}
			},
			"response": []
		},
		{
			"name": "DeleteMethod-Demo",
			"request": {
				"method": "DELETE",
				"header": [
					{
						"key": "x-api-key",
						"value": "{{xapikey}}",
						"type": "text"
					}
				],
				"url": {
					"raw": "https://api.postman.com/workspaces/865c93ca-bb60-4c24-9370-47c52a5489a2",
					"protocol": "https",
					"host": [
						"api",
						"postman",
						"com"
					],
					"path": [
						"workspaces",
						"865c93ca-bb60-4c24-9370-47c52a5489a2"
					]
				}
			},
			"response": []
		},
		{
			"name": "getReqPosts",
			"request": {
				"method": "PATCH",
				"header": [],
				"body": {
					"mode": "raw",
					"raw": "{\r\n   \r\n    \"title\": \"Updating with PUT method in postman-new-update with patch method\"  \r\n}",
					"options": {
						"raw": {
							"language": "json"
						}
					}
				},
				"url": {
					"raw": "https://jsonplaceholder.typicode.com/posts/25",
					"protocol": "https",
					"host": [
						"jsonplaceholder",
						"typicode",
						"com"
					],
					"path": [
						"posts",
						"25"
					]
				}
			},
			"response": []
		},
		{
			"name": "UserReq",
			"request": {
				"method": "POST",
				"header": [],
				"body": {
					"mode": "raw",
					"raw": "{\r\n    \r\n    \"name\": \"{{$randomFullName}}\",\r\n    \"username\": \"{{$randomUserName}}\",\r\n    \"email\": \"{{$randomEmail}}\",\r\n    \"address\": {\r\n        \"street\": \"{{$randomStreetName}}\",\r\n        \"suite\": \"{{$randomStreetAddress}}\",\r\n        \"city\": \"{{$randomCity}}\",\r\n        \"zipcode\": \"{{$randomCountryCode}}\",\r\n        \"geo\": {\r\n            \"lat\": \"-37.3159\",\r\n            \"lng\": \"81.1496\"\r\n        }\r\n    },\r\n    \"phone\": \"1-770-736-8031 x56442\",\r\n    \"website\": \"hildegard.org\",\r\n    \"company\": {\r\n        \"name\": \"Romaguera-Crona\",\r\n        \"catchPhrase\": \"Multi-layered client-server neural-net\",\r\n        \"bs\": \"harness real-time e-markets\"\r\n    }\r\n}",
					"options": {
						"raw": {
							"language": "json"
						}
					}
				},
				"url": {
					"raw": "https://jsonplaceholder.typicode.com/users/",
					"protocol": "https",
					"host": [
						"jsonplaceholder",
						"typicode",
						"com"
					],
					"path": [
						"users",
						""
					]
				}
			},
			"response": []
		},
		{
			"name": "GetUserReq",
			"protocolProfileBehavior": {
				"disableBodyPruning": true
			},
			"request": {
				"method": "GET",
				"header": [],
				"body": {
					"mode": "raw",
					"raw": "{\r\n    \r\n    \"name\": \"Malay Parikh\",\r\n    \"username\": \"Bret\",\r\n    \"email\": \"Sincere@april.biz\",\r\n    \"address\": {\r\n        \"street\": \"Kulas Light\",\r\n        \"suite\": \"Apt. 556\",\r\n        \"city\": \"Gwenborough\",\r\n        \"zipcode\": \"92998-3874\",\r\n        \"geo\": {\r\n            \"lat\": \"-37.3159\",\r\n            \"lng\": \"81.1496\"\r\n        }\r\n    },\r\n    \"phone\": \"1-770-736-8031 x56442\",\r\n    \"website\": \"hildegard.org\",\r\n    \"company\": {\r\n        \"name\": \"Romaguera-Crona\",\r\n        \"catchPhrase\": \"Multi-layered client-server neural-net\",\r\n        \"bs\": \"harness real-time e-markets\"\r\n    }\r\n}",
					"options": {
						"raw": {
							"language": "json"
						}
					}
				},
				"url": {
					"raw": "https://jsonplaceholder.typicode.com/users",
					"protocol": "https",
					"host": [
						"jsonplaceholder",
						"typicode",
						"com"
					],
					"path": [
						"users"
					]
				}
			},
			"response": []
		}
	],
	"event": [
		{
			"listen": "prerequest",
			"script": {
				"type": "text/javascript",
				"exec": [
					""
				]
			}
		},
		{
			"listen": "test",
			"script": {
				"type": "text/javascript",
				"exec": [
					""
				]
			}
		}
	]
}