{
	"id": "ffc06f9b-119a-4d62-b7ac-882994abe5bd",
	"name": "HTTP environment",
	"values": [
		{
			"key": "Base_Url",
			"value": "",
			"type": "default",
			"enabled": true
		},
		{
			"key": "Apikey",
			"value": "",
			"type": "default",
			"enabled": true
		},
		{
			"key": "City",
			"value": "",
			"type": "any",
			"enabled": true
		},
		{
			"key": "sApikey1",
			"value": "",
			"type": "default",
			"enabled": true
		}
	],
	"_postman_variable_scope": "environment",
	"_postman_exported_at": "2023-12-13T04:13:05.645Z",
	"_postman_exported_using": "Postman/10.20.10"
}