{
	"info": {
		"_postman_id": "e407ce8f-01fb-4cd6-9ce0-a94b83bc9914",
		"name": "SOAP",
		"schema": "https://schema.getpostman.com/json/collection/v2.1.0/collection.json",
		"_exporter_id": "31715041"
	},
	"item": [
		{
			"name": "SOAPNumberconversion",
			"request": {
				"method": "POST",
				"header": [],
				"body": {
					"mode": "raw",
					"raw": "<?xml version=\"1.0\" encoding=\"utf-8\"?>\r\n<soap:Envelope xmlns:soap=\"http://schemas.xmlsoap.org/soap/envelope/\">\r\n    <soap:Body>\r\n        <NumberToWords xmlns=\"http://www.dataaccess.com/webservicesserver/\">\r\n            <ubiNum>200</ubiNum>\r\n        </NumberToWords>\r\n    </soap:Body>\r\n</soap:Envelope>",
					"options": {
						"raw": {
							"language": "xml"
						}
					}
				},
				"url": {
					"raw": "https://www.dataaccess.com/webservicesserver/NumberConversion.wso",
					"protocol": "https",
					"host": [
						"www",
						"dataaccess",
						"com"
					],
					"path": [
						"webservicesserver",
						"NumberConversion.wso"
					]
				}
			},
			"response": []
		}
	]
}